feedback,label
"I really enjoyed the lecture, it was very informative!",Positive
"The concepts were explained clearly, I learned a lot.",Positive
"The course is good, but some parts were a bit confusing.",Neutral
I'm not sure if I understood the topic completely.,Neutral
"The teacher was a bit too fast, I had trouble keeping up.",Negative
I didn't like the way the content was delivered.,Negative
"This was an amazing session, I feel more confident now!",Positive
"The explanation was too complex, it should be simpler.",Negative
"The session was okay, but I need more examples.",Neutral
I absolutely loved the interactive activities!,Positive
The assignments were difficult but helped me learn a lot.,Positive
The class was boring and didn't keep my attention.,Negative
"The lecture was just average, nothing special.",Neutral
"The topic was interesting, but I wish there was more detail.",Neutral
"I struggled with some concepts, but overall, it was fine.",Neutral
The discussion was engaging and very helpful.,Positive
I felt lost and didn't understand much.,Negative
The professor explained things really well!,Positive
"It was neither good nor bad, just okay.",Neutral
I wish there was more practical application.,Neutral
I had a great learning experience!,Positive
The pace was too slow for me.,Negative
I found it frustrating because I couldnot understand the examples.,Negative
"This was a waste of time, I didnot learn anything new.",Negative
"I liked the class, it was fun.",Positive
"The class was okay, but could be better.",Neutral
I didn’t understand the topic well.,Negative
The lesson was interesting and helpful.,Positive
The lecture was too fast for me.,Negative
The teacher explained things clearly.,Positive
I felt lost during the lesson.,Negative
"The session was good, I learned something new.",Positive
I didn’t find the lesson useful.,Negative
"The lecture was boring, I almost fell asleep.",Negative
"It was a good session, I enjoyed it.",Positive
"The class was okay, nothing special.",Neutral
The examples were easy to follow.,Positive
I didn’t like the teaching style.,Negative
The lesson could be better with more examples.,Neutral
I loved the interactive parts of the lesson.,Positive
The session was a bit too long.,Neutral
I found the topic too confusing.,Negative
The session was very helpful for my understanding.,Positive
The pace of the class was too slow.,Negative
This was okay okay ,Neutral
It was not that interseting but good to know,Neutral
Good but can improve better,Neutral
Not that bad,Neutral
good,Neutral
bad,Neutral
not interesting,Negative
interesting,Positive
boring,Negative
very useful,Positive
Useless!,Negative
Very informative,Positive
waste of time,Negative
It was very good. I am excited for the next lecture,Positive
I could clearly understand the topic.Cant wait to learn more!,Positive
I didnt understand few topics,Neutral
It would be better if basics was included,Neutral
Horrible,Negative
I couldnt understand a single word,Negative
I didnt find it much interesting but i learnt a few concepts,Neutral
Very good,Positive
Very bad,Negative
i really enjoyed the course,Positive
content of the courses are good,Neutral
The was course was not that much useful,Neutral
The class was very useful,Positive
i didnt understand anything,Negative
Worst lecture,Negative
Best lecture,Positive
the lecture was okay,Neutral
I didnt find it much interesting,Neutral
the lecture was okayish,Neutral
Rubbish lecture,Negative
useful content,Neutral
didnt meet my exoectations,Negative
It was just like what i expected,Neutral
I loved the lecture,Positive
Kinda boring,Neutral
cant wait for the next lecture,Neutral
Best lecture!,Positive
Worst lecture!,Negative
it was infromative.But the basics need to be taught in detail.,Neutral
I could understand only few topics.But it was very clearly understood.,Neutral
The concept explained was too complex,Negative
The content explained was very irrelavant,Negative
The course was very helpful,Positive
Very Basic,Neutral
Great Course!,Positive
Very great course for beginners,Positive
Topics were clearly taught,Positive
Best Course i have taken so far,Positive
Easy to learn!,Positive
Makes me understand in simple terms,Positive
Too complicated to understand,Negative
Poor explaning skills,Negative
Difficult to understnd,Negative
Poor teaching techniques,Negative
Good expalining skills,Positive
Good course but not effective teaching,Negative
Good teaching techniques,Positive
good intro but could teach in more depth,Neutral
simple and easy but not challenging enough,Neutral
basic overview only for beginners,Neutral
too basic for experts,Neutral
good content easy to follow but some parts i feel it wsa bit rushed,Neutral
informative but few contents were repeated,Neutral
the content is useful but delivery could be more engaging,Neutral
Great course! The explanations are clear and easy to follow.,Positive
Well-structured and informative—perfect for beginners!,Positive
Very helpful and practical. I learned a lot!,Positive
Great content and examples. Really enjoyed the course!,Positive
"Clear, concise, and straight to the point. Loved it!",Positive
Informative and engaging from start to finish!,Positive
Easy to follow and very well explained.,Positive
Engaging and well-organized. Highly recommend!,Positive
A well-paced course with valuable insights!,Positive
valuable info,Positive
The content was too basic and lacked depth.,Negative
Some sections felt rushed and needed more explanation.,Negative
Would have been better with more hands-on exercises.,Negative
The slides were plain and not very engaging.,Negative
"No interaction or community support, which made learning harder.",Negative
The course felt outdated and could use an update.,Negative
"Too much theory, not enough hands-on practice.",Negative
Some explanations were unclear and needed more detail.,Negative
Some topics were skimmed over too quickly.,Negative
Some lessons felt unorganized and hard to follow.,Negative
"Expected more depth, but it felt very surface-level.",Negative
"The course is informative, but it didn’t go as in-depth as I hoped.",Neutral
It was good but the content lacked in depth knowledge,Neutral
I could understand only few topics,Neutral
The teaching pace wsa too slow but i could understand clearly,Neutral
boring but informative,Neutral
Well-structured and informative„perfect for beginners!,Negative
The session exceeded my expectations!,Negative
I found the examples really helpful in understanding the concepts.,Negative
The instructor was very engaging and approachable.,Positive
The course content was well-structured and easy to follow.,Negative
I gained valuable insights from this lecture.,Positive
The lecture covered the basics but didnt go into enough depth.,Neutral
"Some parts were clear, while others felt a bit rushed.",Neutral
"I found the session to be just average, nothing extraordinary.",Neutral
The material was okay but could use some improvement.,Neutral
"It was a decent overview, but I expected more practical examples.",Neutral
The presentation lacked clarity and was hard to follow.,Neutral
I struggled to stay engaged due to the monotone delivery.,Neutral
The session felt repetitive and didnt add much value.,Positive
I found the examples confusing and not relevant to the topic.,Positive
The course didnt live up to my expectations and felt incomplete.,Positive
The practical exercises were extremely useful for applying the concepts.,Positive
I thoroughly enjoyed the instructor's teaching style!,Positive
The examples were relatable and clarified the topic well.,Positive
It was a highly interactive and enjoyable session.,Positive
The material was challenging but rewarding to learn.,Positive
I left the session feeling more confident in my understanding.,Positive
The visuals and slides were well-designed and easy to grasp.,Positive
I appreciated the focus on real-world applications.,Negative
This lecture has motivated me to explore the subject further.,Negative
The explanations were simple and straightforward.,Negative
"Some parts of the lecture were interesting, while others felt a bit dull.",Negative
"The course was okay, but it could be better with more examples.",Negative
"I understood most of the content, but a few areas were unclear.",Negative
The delivery was average; it neither impressed nor disappointed me.,Negative
"The session gave a good overview, but it lacked depth.",Negative
"I liked the session, but the pacing was inconsistent at times.",Positive
"The course felt too basic for my level, though it was well-organized.",Positive
"While the concepts were clear, I wish the lecture had included more advanced topics.",Positive
"The instructors style was fine, but it didnt keep me fully engaged.",Positive
I felt the session was slightly repetitive but still informative.,Positive
The lecture was too theoretical and lacked practical insights.,Neutral
I felt overwhelmed by the pace and couldnt keep up with the content.,Neutral
The session was unorganized and hard to follow.,Neutral
The instructors examples didnt make the concepts any clearer.,Neutral
The content was not engaging and failed to hold my attention.,Neutral
"I didnt gain much from the lecture, as the material wasnt new or valuable.",Negative
The explanations were overly complicated and left me confused.,Negative
"There were too many distractions during the session, which made it frustrating.",Negative
The slides were too text-heavy and difficult to read.,Negative
I felt disappointed because my questions were not addressed properly.,Negative
The teaching method was engaging and kept me interested throughout.,Positive
"The session was very hands-on, which helped me understand better.",Positive
I appreciated how the instructor encouraged questions and discussions.,Positive
The examples provided were directly applicable to real-world scenarios.,Positive
The class was well-paced and easy to follow.,Positive
I learned a lot more than I expected from this session.,Positive
The visuals and diagrams made complex topics much easier to grasp.,Positive
The instructor was enthusiastic and made the lecture enjoyable.,Positive
I feel much more prepared to apply what I learned in practice.,Positive
It was one of the most informative and enjoyable lectures I've attended.,Positive
The session provided excellent additional resources for further learning.,Neutral
I particularly liked how the course encouraged critical thinking.,Neutral
The group activities helped me solidify my understanding.,Neutral
The instructor broke down the topic into digestible parts effectively.,Neutral
The course was comprehensive and covered everything I needed.,Neutral
"The content was fine, but I felt it didnt go beyond the basics.",Neutral
The session was okay but lacked the depth I was hoping for.,Neutral
"The examples helped somewhat, but they could have been more detailed.",Neutral
"The pace was neither too fast nor too slow, just average.",Neutral
"The session gave me a general idea, but I need to study more on my own.",Neutral
"It was a decent lecture, but nothing stood out.",Negative
"The lecture touched on the main points, but didnt explore them thoroughly.",Negative
"While the delivery was clear, it lacked energy and engagement.",Negative
"I understood the session, but it didnt excite or inspire me much.",Negative
"The content was organized, but the explanations could have been better.",Negative
"Some parts of the lecture were useful, while others felt unnecessary.",Negative
"I got what I expected, but it didnt exceed my expectations.",Negative
"The class was okay, but I feel it could benefit from more interactivity.",Negative
It was a decent refresher but offered little new information.,Negative
I think it would be better suited for beginners rather than advanced learners.,Negative
"The instructor was hard to understand, and the material wasnt clear.",Positive
The session felt like a waste of time because it covered too little.,Positive
The examples were overly simplistic and didnt add value.,Positive
I couldnt follow the flow of the session; it felt disorganized.,Positive
"The delivery was monotonous, and I quickly lost interest.",Positive
The content seemed irrelevant to what I was hoping to learn.,Positive
The session lacked structure and made it difficult to follow along.,Positive
I found it frustrating that the instructor didnt address our questions.,Positive
"The lecture felt rushed, and important concepts werent explained well.",Positive
The explanations were vague and left me confused.,Positive
The course promised a lot but delivered very little value.,Positive
I struggled to stay engaged because the material was presented poorly.,Positive
The slides were cluttered and hard to understand.,Positive
I felt like the session was too theoretical and not practical enough.,Positive
"The instructors approach didnt match my learning style, so I couldnt follow.",Positive
Very engaging.,Neutral
Informative and fun.,Neutral
Perfectly paced.,Neutral
Highly interactive.,Neutral
Great examples used.,Neutral
Well-organized session.,Neutral
Exceeded expectations.,Neutral
Extremely motivating.,Neutral
Easy to understand.,Neutral
Practical and insightful.,Neutral
Could use improvement.,Neutral
Somewhat repetitive.,Neutral
Neither great nor bad.,Neutral
Just average.,Neutral
Needs better examples.,Neutral
A mixed experience.,Negative
Lacked sufficient details.,Negative
Had potential but missed the mark.,Negative
Needed more visuals.,Negative
Somewhat useful.,Negative
Very disappointing.,Negative
Overly theoretical.,Negative
Poorly paced.,Negative
Not worth the time.,Negative
Too repetitive.,Negative
Lacked clarity.,Negative
Completely unhelpful.,Negative
Unclear and rushed.,Negative
Extremely boring.,Negative
Didnt meet expectations.,Negative
Excellent session!,Positive
Very well-structured.,Positive
Loved the pace!,Positive
Easy to grasp.,Positive
Engaging content.,Positive
Interactive and useful.,Positive
Top-notch presentation.,Positive
Simple and clear.,Positive
Very inspiring.,Positive
Great visuals!,Positive
Amazing instructor.,Positive
Extremely well-done.,Positive
Wonderful explanations.,Positive
Perfectly explained.,Positive
Outstanding material.,Positive
Helpful insights.,Positive
Practical knowledge shared.,Positive
Clear and direct.,Positive
Well worth the time.,Positive
Great flow overall.,Positive
Detailed and insightful.,Positive
Absolutely brilliant!,Positive
Informative yet concise.,Positive
Professionally delivered.,Positive
Captivating session.,Positive
Fun and engaging.,Positive
I feel motivated!,Positive
Loved every bit!,Positive
Perfect for beginners.,Positive
A great learning tool.,Positive
Awesome material!,Positive
Super informative!,Positive
Clear voice and tone.,Positive
Highly organized.,Positive
Well-researched content.,Positive
Made learning easy!,Positive
Effective examples used.,Positive
Very thoughtful delivery.,Positive
Structured for success.,Positive
A real eye-opener!,Positive
Applicable to real life.,Positive
Time well spent.,Positive
A great refresher!,Positive
Worth recommending.,Positive
Very detailed work.,Positive
Clear and engaging slides.,Positive
Brilliant pacing!,Positive
Perfect session length.,Positive
Entertaining and educational.,Positive
Solid foundation covered.,Positive
Loved the case studies!,Positive
Creative approach!,Positive
Enlightening experience.,Positive
A lot of value gained.,Positive
Easy to keep up.,Positive
Good balance overall.,Positive
Focused on key points.,Positive
Interesting and thorough.,Positive
Simplified complex ideas.,Positive
Taught with passion.,Positive
Clear instructions provided.,Positive
Excellent use of time.,Positive
Enjoyable to watch.,Positive
Relatable content!,Positive
Very well-prepared.,Positive
Engaged the audience well.,Positive
I learned something new.,Positive
Lots of practical examples.,Positive
Memorable explanations.,Positive
A fantastic course!,Positive
Clear takeaways provided.,Positive
A thoughtful approach.,Positive
Encouraging session.,Positive
Smooth delivery overall.,Positive
Lots of energy in delivery.,Positive
Engaging from start to finish.,Positive
Very informative diagrams.,Positive
Made me more curious!,Positive
Built confidence in the topic.,Positive
Amazing breakdown!,Positive
Useful techniques taught.,Positive
Great tips shared!,Positive
Exceptional quality content.,Positive
Enjoyable experience.,Positive
Exceeded expectations!,Positive
Thought-provoking ideas.,Positive
Positive learning environment.,Positive
Good storytelling approach.,Positive
Interesting new angles.,Positive
Fantastic case studies.,Positive
Valuable skills taught.,Positive
Well-paced content.,Positive
Clarified all my doubts.,Positive
Loved the enthusiasm!,Positive
Rich in details and examples.,Positive
Clear learning objectives.,Positive
Great for all levels.,Positive
Best session so far!,Positive
Easy to absorb concepts.,Positive
So many great insights!,Positive
Lots of relatable points.,Positive
Extremely engaging visuals.,Positive
Well-moderated discussion.,Positive
Perfect for understanding the basics.,Positive
Clear explanations throughout.,Positive
A confidence booster!,Positive
Encouraged active participation.,Positive
Worth every minute.,Positive
A very dynamic session!,Positive
Outstanding session quality.,Positive
Instructor was very engaging.,Positive
Delivered with clarity.,Positive
Comprehensive examples shared.,Positive
Fully understood the topic.,Positive
Great energy overall!,Positive
Deep insights shared.,Positive
Well-structured outline.,Positive
Excellent illustrations used.,Positive
Interesting perspectives.,Positive
A refreshing approach!,Positive
Fantastic delivery!,Positive
Thoroughly engaging.,Positive
Simply outstanding!,Positive
I learned a lot.,Positive
Highly practical examples.,Positive
Great clarity throughout.,Positive
Excellent attention to detail.,Positive
Well worth attending!,Positive
Impressive presentation.,Positive
The content was insightful.,Positive
Very enjoyable session.,Positive
Masterfully explained.,Positive
A perfect learning aid.,Positive
Organized and informative.,Positive
Very relatable concepts.,Positive
Provided useful techniques.,Positive
Easy to stay focused.,Positive
Truly inspiring content.,Positive
A game-changer session.,Positive
Fantastic resource material.,Positive
Well-balanced delivery.,Positive
Content exceeded expectations.,Positive
Crystal-clear concepts.,Positive
Absolutely loved it!,Positive
Wonderful for beginners.,Positive
Effective teaching style.,Positive
Delivered with excellence.,Positive
The visuals were superb.,Positive
Perfect amount of detail.,Positive
Thoughtfully put together.,Positive
Enjoyed the interaction.,Positive
Applicable to my work.,Positive
Practical and relevant.,Positive
The best workshop yet.,Positive
Encouraged critical thinking.,Positive
Eye-opening insights.,Positive
Lots of useful takeaways.,Positive
I feel confident now!,Positive
Extremely knowledgeable trainer.,Positive
Clear and structured talk.,Positive
Covered all essential points.,Positive
Very beginner-friendly.,Positive
Interesting perspective shared.,Positive
Deeply engaging session.,Positive
A very rewarding experience.,Positive
New concepts explained well.,Positive
Engaging Q&A session.,Positive
Dynamic delivery style.,Positive
Inspired further learning.,Positive
Every minute was valuable.,Positive
Polished and professional.,Positive
Extremely user-friendly content.,Positive
Well-researched presentation.,Positive
Informative and interactive.,Positive
Excellent for practice!,Positive
An amazing educator.,Positive
Clear and precise steps.,Positive
Great delivery techniques.,Positive
Quality over quantity.,Positive
Left me motivated!,Positive
Connected well with the audience.,Positive
Helped simplify the topic.,Positive
Very organized session!,Positive
Good pacing throughout.,Positive
Learned a lot of new ideas.,Positive
Superb breakdown of points.,Positive
Great topic choice!,Positive
Thought-provoking session.,Positive
A perfect fit for my needs.,Positive
Superb time management.,Positive
Easily understandable topics.,Positive
Professionally done!,Positive
Very relevant examples used.,Positive
Perfect introduction to the topic.,Positive
Gained practical insights.,Positive
Super engaging slides!,Positive
Exceeded my learning goals.,Positive
A delightful experience!,Positive
Helped broaden my knowledge.,Positive
My understanding improved greatly.,Positive
Great use of analogies.,Positive
Very entertaining approach.,Positive
Very informative session!,Positive
Absolutely worth attending!,Positive
Great for hands-on learning.,Positive
The perfect learning resource.,Positive
Amazing teacher!,Positive
I loved the format.,Positive
Content was fresh and unique.,Positive
Good for self-paced learners,Positive
Could have been more detailed.,Neutral
Just above average.,Neutral
Okay for beginners.,Neutral
Lacked engagement.,Neutral
A fair session overall.,Neutral
Not too exciting.,Neutral
Could’ve been better.,Neutral
Delivered as expected.,Neutral
Moderate difficulty level.,Neutral
Needs additional examples.,Neutral
Adequate but not outstanding.,Neutral
More examples would help.,Neutral
Just enough to understand.,Neutral
Average level of engagement.,Neutral
Could use better visuals.,Neutral
Neither too good nor bad.,Neutral
It lacked some depth.,Neutral
Could be refined more.,Neutral
The pace felt inconsistent.,Neutral
Not too detailed.,Neutral
Simple but basic.,Neutral
Fair but not excellent.,Neutral
Nothing particularly exciting.,Neutral
A standard session overall.,Neutral
A little improvement needed.,Neutral
Moderate engagement overall.,Neutral
"Okay, but could improve.",Neutral
"Met my expectations, just barely.",Neutral
The flow could be smoother.,Neutral
A bit too general.,Neutral
"Informative, but not unique.",Neutral
Didn’t leave much impact.,Neutral
Couldn’t relate to the examples.,Neutral
Too straightforward for my taste.,Neutral
Somewhat helpful.,Neutral
A little too surface-level.,Neutral
A safe but unremarkable session.,Neutral
Standard quality overall.,Neutral
Felt a bit rushed.,Neutral
A solid introduction.,Neutral
Lacked a personal touch.,Neutral
Decent session for a recap.,Neutral
Lacked practical applications.,Neutral
"It was okay, not great.",Neutral
Could be improved in parts.,Neutral
Missing more visuals.,Neutral
It covered the basics fine.,Neutral
Got the job done.,Neutral
"Fair, but not engaging.",Neutral
Nothing new presented.,Neutral
Could have been a bit clearer.,Neutral
Nothing groundbreaking here.,Neutral
Slightly repetitive in parts.,Neutral
Lacked strong engagement.,Neutral
Felt slightly rushed.,Neutral
An average experience overall.,Neutral
Could benefit from more structure.,Neutral
Not particularly memorable.,Neutral
Somewhat generic delivery.,Neutral
"Good, but not exceptional.",Neutral
The material felt uninspired.,Neutral
Left with a few questions unanswered.,Neutral
Could have used better pacing.,Neutral
A little too basic for my needs.,Neutral
Not a strong takeaway.,Neutral
Covered the topic adequately.,Neutral
Lacked depth in certain areas.,Neutral
Missed opportunities to elaborate.,Neutral
A bit more energy was needed.,Neutral
Couldn’t hold my attention throughout.,Neutral
Lacked examples for real-world use.,Neutral
The content was fine but unexciting.,Neutral
More preparation would have helped.,Neutral
Too safe and predictable.,Neutral
"Fine for beginners, less for advanced.",Neutral
Just okay—nothing more.,Neutral
Couldn’t connect well with the content.,Neutral
The approach felt overly simplistic.,Neutral
Didn’t stand out from other sessions.,Neutral
"Fine, but left me wanting more.",Neutral
Okay for a quick overview.,Neutral
Didn’t explore the topic fully.,Neutral
Felt like it skimmed the surface.,Neutral
Could have been more lively.,Neutral
Very middle-of-the-road experience.,Neutral
Needed a bit more variety.,Neutral
The session lacked strong hooks.,Neutral
Not the most engaging material.,Neutral
Some slides could be better.,Neutral
Wouldn’t call it inspiring.,Neutral
"Got the basics across, but that’s it.",Neutral
The speaker’s energy felt low.,Neutral
Needed more practical tips.,Neutral
Couldn’t fully relate to the content.,Neutral
Felt repetitive at times.,Neutral
Covered the basics but didn’t go deeper.,Neutral
It wasn’t particularly exciting.,Neutral
"A fair effort, but nothing unique.",Neutral
Would have liked more real-life examples.,Neutral
"Not bad, just average.",Neutral
Too repetitive overall.,Negative
Couldn’t follow much.,Negative
Found it very dry.,Negative
Too much jargon.,Negative
Minimal effort shown.,Negative
I didn’t enjoy it at all.,Negative
Couldn’t connect with the session.,Negative
Very boring throughout.,Negative
Too much unnecessary content.,Negative
Struggled to stay focused.,Negative
The slides were not clear.,Negative
Concepts were all over the place.,Negative
Felt like a waste of time.,Negative
Very outdated examples.,Negative
Too little depth overall.,Negative
Speaker lacked clarity.,Negative
I was completely lost.,Negative
Poor explanation of key points.,Negative
Couldn’t understand a thing.,Negative
Felt disengaged from start to end.,Negative
The examples were confusing.,Negative
Did not find it interesting.,Negative
The material wasn’t helpful.,Negative
Failed to meet my expectations.,Negative
Lacked structure completely.,Negative
Delivery was dull.,Negative
Couldn’t focus on the subject.,Negative
Too vague and unclear.,Negative
I expected much more.,Negative
Disappointing session overall.,Negative
Lacked any practical examples.,Negative
No real takeaways for me.,Negative
Slides were too cluttered.,Negative
Didn’t learn anything useful.,Negative
Way too fast-paced.,Negative
Delivery was monotonous.,Negative
Hard to stay engaged.,Negative
Felt like a chore to sit through.,Negative
Completely underwhelming.,Negative
Very unorganized material.,Negative
I zoned out halfway through.,Negative
Didn’t find the topic relatable.,Negative
The trainer wasn’t engaging.,Negative
Too many distractions in delivery.,Negative
It was poorly executed overall.,Negative
The presentation was too chaotic.,Negative
The trainer didn’t seem prepared.,Negative
It felt like filler content.,Negative
I didn’t learn anything new.,Negative
The slides were way too wordy.,Negative
The examples were irrelevant.,Negative
It was hard to follow at times.,Negative
Poor organization of points.,Negative
Speaker didn’t engage with the audience.,Negative
Way too generic to be helpful.,Negative
The pacing was all over the place.,Negative
The visuals didn’t add value.,Negative
Hard to stay interested throughout.,Negative
The content lacked originality.,Negative
Couldn’t connect with the presenter’s style.,Negative
Didn’t feel confident in the speaker.,Negative
Poor delivery overall.,Negative
Too shallow to be insightful.,Negative
Couldn’t retain much from it.,Negative
The examples felt forced.,Negative
I left feeling confused.,Negative
The session felt like a waste of time.,Negative
Didn’t cover the promised material.,Negative
I expected a much higher standard.,Negative
Speaker failed to engage the group.,Negative
The session lacked any focus.,Negative
It was too theoretical and impractical.,Negative
Too many distracting elements in slides.,Negative
Felt underwhelmed by the delivery.,Negative
No actionable takeaways at all.,Negative
The content was outdated.,Negative
Too monotonous to sit through.,Negative
Didn’t explain core concepts clearly.,Negative
Very disappointing overall.,Negative
The session dragged on unnecessarily.,Negative
Speaker didn’t handle questions well.,Negative
It was all surface-level.,Negative
The session added no value to me.,Negative
Too much jargon without explanation.,Negative
The topic wasn’t explored thoroughly.,Negative
Very dry and uninspiring delivery.,Negative
The presentation style felt amateurish.,Negative
Content wasn’t relevant to my needs.,Negative
Slides were visually unappealing.,Negative
The material wasn’t structured well.,Negative
Didn’t capture my interest at all.,Negative
Too much information crammed in.,Negative
Nothing felt cohesive about the session.,Negative
The pace was far too slow.,Negative
Lacked any sense of direction.,Negative
Too slow,Negative
Not engaging,Negative
Poor examples,Negative
Hard to follow,Negative
Lacked depth,Negative
Too basic,Negative
Unclear explanations,Negative
Boring delivery,Negative
No interaction,Negative
Too theoretical,Negative
Confusing slides,Negative
No practical tips,Negative
Too fast-paced,Negative
Uninspiring,Negative
No real-world examples,Negative
Too much jargon,Negative
Disorganized,Negative
No value,Negative
Too repetitive,Negative
Not relatable,Negative
Poor visuals,Negative
Too wordy,Negative
No takeaways,Negative
Too vague,Negative
Not helpful,Negative
Too shallow,Negative
No engagement,Negative
Too dry,Negative
No clarity,Negative
Too outdated,Negative
No structure,Negative
Too chaotic,Negative
No focus,Negative
Too monotonous,Negative
No energy,Negative
Too rushed,Negative
No relevance,Negative
Too cluttered,Negative
No direction,Negative
Too simplistic,Negative
No examples,Negative
Too dull,Negative
No preparation,Negative
Too generic,Negative
No connection,Negative
Too amateurish,Negative
No interest,Negative
Too confusing,Negative
No motivation,Negative
Too unorganized,Negative
No practical use,Negative
Too uninspired,Negative
No interaction,Negative
Too irrelevant,Negative
No engagement,Negative
Too unrelatable,Negative
No takeaways,Negative
Too uninteresting,Negative
No depth,Negative
Too unclear,Negative
No value,Negative
Too boring,Negative
No structure,Negative
Too repetitive,Negative
No examples,Negative
Too slow-paced,Negative
No engagement,Negative
Too theoretical,Negative
No practical tips,Negative
Too confusing,Negative
No clarity,Negative
Too outdated,Negative
No focus,Negative
Too dry,Negative
No energy,Negative
Too rushed,Negative
No relevance,Negative
Too cluttered,Negative
No direction,Negative
Too simplistic,Negative
No examples,Negative
Too dull,Negative
No preparation,Negative
Too generic,Negative
No connection,Negative
Too amateurish,Negative
No interest,Negative
Too confusing,Negative
No motivation,Negative
Too unorganized,Negative
No practical use,Negative
Too uninspired,Negative
No interaction,Negative
Too irrelevant,Negative
No engagement,Negative
Too unrelatable,Negative
No takeaways,Negative
Too uninteresting,Negative
No depth,Negative
Too unclear,Negative
No value,Negative
Too boring,Negative
No structure,Negative
Too repetitive,Negative
No examples,Negative
Too slow-paced,Negative
Just okay,Neutral
Average,Neutral
Not bad,Neutral
Fair enough,Neutral
Could improve,Neutral
Basic overview,Neutral
Standard session,Neutral
Nothing special,Neutral
Decent effort,Neutral
Met expectations,Neutral
Adequate,Neutral
Not great,Neutral
Not terrible,Neutral
Passable,Neutral
Neutral,Neutral
Fine,Neutral
Acceptable,Neutral
Moderate,Neutral
Satisfactory,Neutral
Just enough,Neutral
Not exciting,Neutral
Standard quality,Neutral
Okay for beginners,Neutral
Lacked depth,Neutral
Could be better,Neutral
Not memorable,Neutral
Just average,Neutral
Not outstanding,Neutral
Could use more,Neutral
Not impressive,Neutral
Not engaging,Neutral
Not bad,Neutral
Not great,Neutral
Just fine,Neutral
Could improve,Neutral
Basic content,Neutral
Standard delivery,Neutral
Nothing new,Neutral
Decent session,Neutral
Met expectations,Neutral
Adequate,Neutral
Not great,Neutral
Not terrible,Neutral
Passable,Neutral
Neutral,Neutral
Fine,Neutral
Acceptable,Neutral
Moderate,Neutral
Satisfactory,Neutral
Just enough,Neutral
Not exciting,Neutral
Standard quality,Neutral
Okay for beginners,Neutral
Lacked depth,Neutral
Could be better,Neutral
Not memorable,Neutral
Just average,Neutral
Not outstanding,Neutral
Could use more,Neutral
Not impressive,Neutral
Not engaging,Neutral
Not bad,Neutral
Not great,Neutral
Just fine,Neutral
Could improve,Neutral
Basic content,Neutral
Standard delivery,Neutral
Nothing new,Neutral
Decent session,Neutral
Met expectations,Neutral
Adequate,Neutral
Not great,Neutral
Not terrible,Neutral
Passable,Neutral
Neutral,Neutral
Fine,Neutral
Acceptable,Neutral
Moderate,Neutral
Satisfactory,Neutral
Just enough,Neutral
Not exciting,Neutral
Standard quality,Neutral
Okay for beginners,Neutral
Lacked depth,Neutral
Could be better,Neutral
Not memorable,Neutral
Just average,Neutral
Not outstanding,Neutral
Could use more,Neutral
Not impressive,Neutral
Not engaging,Neutral
Not bad,Neutral
Not great,Neutral
Just fine,Neutral
Could improve,Neutral
Basic content,Neutral
Standard delivery,Neutral
Nothing new,Neutral
Decent session,Neutral
Met expectations,Neutral
Adequate,Neutral
"The course was okay, but it didn’t exceed my expectations.",Neutral
"The material was decent, but I was expecting more detailed content.",Neutral
It was an average course; it covered the basics but didn’t go deeper.,Neutral
"The course was informative, but I didn’t feel it added much to my knowledge.",Neutral
"The course met my needs, but it wasn’t particularly engaging.",Neutral
"The content was fine, but some areas could have been more detailed.",Neutral
"The course didn’t wow me, but it was still helpful in some aspects.",Neutral
It was a standard course that covered the basics. Nothing exceptional.,Neutral
"The course was decent, though it felt a bit repetitive at times.",Neutral
"I learned some things, but overall, it wasn’t as impactful as I hoped.",Neutral
"It was a good course for beginners, but it didn’t offer much for advanced learners.",Neutral
"The course was clear and easy to follow, but I was expecting more depth.",Neutral
I found the course to be neutral. It was neither amazing nor bad.,Neutral
"The course was fine for what it was, but it didn’t offer any new insights.",Neutral
"It was a decent learning experience, but I wasn’t fully engaged throughout.",Neutral
"The course provided solid foundational knowledge, but it wasn’t groundbreaking.",Neutral
"The course was okay, but it didn’t fully meet my expectations in terms of content.",Neutral
"It wasn’t a bad course, but it wasn’t anything special either.",Neutral
"The course covered the necessary material, but it could have been more interactive.",Neutral
"The course was useful, but it didn’t provide enough depth for my needs.",Neutral
The course didn’t meet my expectations and lacked depth.,Negative
The material was too basic for my needs.,Negative
I found the course to be boring and unengaging.,Negative
The course was too theoretical with little practical application.,Negative
"I expected more advanced content, but it was too elementary.",Negative
"The course felt rushed, and some topics weren’t covered in enough detail.",Negative
I didn’t find the course to be very informative or helpful.,Negative
"The instructor didn’t explain things clearly, making it hard to follow.",Negative
The course material was outdated and not relevant.,Negative
It wasn’t as engaging as I hoped. I struggled to stay interested.,Negative
I found the course to be repetitive and not challenging.,Negative
The course was too long for the amount of content provided.,Negative
The quality of the course didn’t match the description.,Negative
The course lacked real-world examples and applications.,Negative
I didn’t feel like I gained much from this course.,Negative
"The course was poorly structured, and it was difficult to follow.",Negative
The content was too superficial and didn’t dive deep into the subject.,Negative
There were too many technical issues with the course.,Negative
I expected more interactive elements but got mostly lectures.,Negative
The course was too focused on theory and not enough on practical skills.,Negative
"I didn’t find the course very engaging, and the examples were poor.",Negative
The instructor’s explanations were unclear and confusing.,Negative
This course didn’t add much value to my learning.,Negative
"The material was not well-organized, making it hard to follow.",Negative
I found the course to be repetitive and lacked new information.,Negative
The course didn’t cover the topics I was hoping for.,Negative
The content was not relevant to what I needed to learn.,Negative
The course was too simple and didn’t offer any real challenges.,Negative
"I expected more hands-on exercises, but there were none.",Negative
"The course was boring, and I didn’t feel motivated to finish it.",Negative
"The instructor didn’t seem well-prepared, and it affected the course quality.",Negative
The course had a lot of unnecessary filler content.,Negative
"I was expecting more detailed information, but it was very basic.",Negative
"The course was very unorganized, and I had trouble following along.",Negative
I didn’t find the course material helpful for my goals.,Negative
"The lessons were too short, and the content felt rushed.",Negative
I had a hard time understanding the course due to poor explanations.,Negative
The course didn’t meet my expectations in terms of quality.,Negative
I didn’t feel challenged by the course. It was too easy.,Negative
"The course was poorly designed, and the content didn’t flow well.",Negative
I didn’t find the course to be very interactive or engaging.,Negative
"The instructor didn’t explain the material clearly, making it hard to grasp.",Negative
The course had too much fluff and not enough actionable information.,Negative
The course lacked depth and only scratched the surface of the topic.,Negative
"I expected more detailed examples, but the course didn’t provide them.",Negative
"The course was poorly paced, with sections dragging on for too long.",Negative
"I didn’t learn much from the course, and it didn’t add value.",Negative
"The course was not practical, and the content didn’t apply to real-world scenarios.",Negative
The course didn’t cover the topics I was hoping to learn about.,Negative
The instructor’s delivery was dry and not engaging.,Negative
I found the course to be repetitive and lacking in new insights.,Negative
The course didn’t provide enough in-depth explanations on important topics.,Negative
The content was too basic and didn’t offer advanced learning.,Negative
I didn’t feel like I gained much knowledge from this course.,Negative
"The course was not user-friendly, and I struggled with navigation.",Negative
"The course had too many technical issues, which made it difficult to learn.",Negative
The course was mostly theoretical and didn’t offer practical advice.,Negative
"I was expecting a more detailed course, but it was quite shallow.",Negative
The course didn’t offer enough examples or case studies.,Negative
I felt the course lacked engagement and didn’t hold my attention.,Negative
"The course was disappointing, as it didn’t provide much useful information.",Negative
The course felt disjointed and lacked a clear structure.,Negative
"The content wasn’t well-structured, making it difficult to follow.",Negative
The course didn’t provide enough real-world applications or examples.,Negative
I didn’t like the instructor’s teaching style; it made learning harder.,Negative
The course was overly simplified and didn’t cover complex concepts.,Negative
"I expected more hands-on practice, but it was mostly theoretical.",Negative
The course was slow-paced and didn’t challenge me at all.,Negative
I didn’t feel like the course lived up to the description.,Negative
"The course wasn’t interactive, and I felt disconnected from the material.",Negative
The course was filled with irrelevant information that wasn’t helpful.,Negative
I found the material to be outdated and not applicable anymore.,Negative
The course didn’t provide enough detailed explanations or in-depth analysis.,Negative
The lessons were too basic and didn’t provide any real value.,Negative
I felt like the course was not worth the time or money I invested.,Negative
The course didn’t provide sufficient practical examples to support the theory.,Negative
I didn’t feel engaged with the course material. It was dry and uninteresting.,Negative
The course lacked hands-on exercises or practice opportunities.,Negative
I found the course content to be redundant and not very insightful.,Negative
The course was way too easy and didn’t offer any challenge.,Negative
"The course was poorly designed, and some parts were confusing.",Negative
I expected better-quality videos and materials from the course.,Negative
"The course was difficult to follow, and the explanations were unclear.",Negative
The course didn’t cover enough advanced material and was too basic.,Negative
I found the course to be underwhelming and lacking in value.,Negative
"The content was sparse, and I didn’t get enough out of the course.",Negative
The course was full of filler content that didn’t add any real value.,Negative
"I didn’t find the course to be very engaging, and it was hard to stay focused.",Negative
"The course wasn’t well-organized, and it made it hard to learn effectively.",Negative
I didn’t feel like I learned much from this course. It was too basic.,Negative
"The course lacked any substantial depth, and I wasn’t able to learn much.",Negative
The course material was unoriginal and didn’t offer anything new.,Negative
I struggled with the content and didn’t find the explanations clear.,Negative
"I expected more interactive elements, but the course was mostly passive.",Negative
The course felt like a waste of time. It didn’t cover what I was hoping for.,Negative
"The course didn’t meet my expectations, and the content was too general.",Negative
I didn’t feel challenged or motivated by this course.,Negative
"The course lacked important information, and I was left with unanswered questions.",Negative
"The course was difficult to follow, and I didn’t feel like I learned much.",Negative
I was disappointed by the course. It didn’t offer much value.,Negative
"The instructor didn’t seem prepared, and that affected the course quality.",Negative
The course had technical issues that made it frustrating to complete.,Negative
I felt like the course was rushed and didn’t dive deep into the material.,Negative
"The course was very repetitive, and I didn’t find it engaging.",Negative
I didn’t feel like I gained any real knowledge or skills from the course.,Negative
"The content was way too basic, and I didn’t learn anything new.",Negative
"The course was poorly structured, making it difficult to follow.",Negative
The course didn’t provide enough practical examples to help me understand the material.,Negative
"I was expecting a more challenging course, but it was too easy.",Negative
The course content was outdated and didn’t reflect current trends.,Negative
The course was long and tedious with very little useful content.,Negative
I didn’t find the course to be very informative or helpful for my needs.,Negative
The course didn’t cover the topics I was hoping to learn more about.,Negative
"The course lacked real-world application, making it feel irrelevant.",Negative
I didn’t feel engaged with the course. It didn’t hold my attention.,Negative
"The instructor’s teaching style didn’t resonate with me, making it hard to follow.",Negative
I didn’t feel like the course was well-thought-out or well-executed.,Negative
"The course was lacking in substance, and I didn’t feel challenged.",Negative
I didn’t gain any new skills or knowledge from this course.,Negative
The course felt too basic and didn’t dive into enough detail.,Negative
"The material was difficult to understand, and the course didn’t provide clear explanations.",Negative
"The course lacked interactivity, which made it less engaging.",Negative
"The course was not well-organized, and it was difficult to follow.",Negative
I felt like the course didn’t offer any real value for my time.,Negative
The course was full of irrelevant content that didn’t help me learn.,Negative
I was disappointed by the lack of practical examples in the course.,Negative
"The instructor was hard to understand, and the explanations were unclear.",Negative
The course was too theoretical and didn’t offer enough practical insights.,Negative
I didn’t feel like I got much out of this course.,Negative
"The content was far too basic, and I didn’t learn anything new.",Negative
The course didn’t provide any real challenges or in-depth explanations.,Negative
I didn’t find the course useful or worth the time spent on it.,Negative
The course was too simplistic and didn’t meet my expectations.,Negative
The instructor didn’t provide enough support or clarification during the course.,Negative
"I felt disconnected from the material, and the course didn’t keep me engaged.",Negative
The course was too short and didn’t go into enough detail.,Negative
The course was poorly structured and made it hard to learn effectively.,Negative
"I expected more detailed explanations, but the course didn’t provide them.",Negative
The course was too easy and didn’t offer enough of a challenge.,Negative
"The content was outdated, and I didn’t find it useful.",Negative
I struggled to stay engaged with the course because of its slow pace.,Negative
The course didn’t cover the topics I wanted to learn about.,Negative
I felt like the course was incomplete and didn’t cover all necessary aspects.,Negative
The course was unnecessarily long and didn’t provide enough value.,Negative
The course didn’t teach me anything I couldn’t have learned elsewhere.,Negative
The course felt disconnected from real-world applications.,Negative
The course didn’t meet my expectations at all. It was too simple.,Negative
The content was vague and lacked the depth I was hoping for.,Negative
The course didn’t cover enough material to be valuable.,Negative
I felt like the course was a waste of time and didn’t add value.,Negative
The course was overly simplified and didn’t teach me anything new.,Negative
"I expected a more advanced course, but this one was too basic.",Negative
"The course had too many technical problems, which made learning frustrating.",Negative
"I didn’t find the course interesting, and the examples were unhelpful.",Negative
The course didn’t provide enough practical exercises or examples.,Negative
The instructor was hard to follow and didn’t explain things well.,Negative
The course didn’t offer enough depth or real-world applications.,Negative
I didn’t feel like I learned anything new from this course.,Negative
The course didn’t meet my expectations in terms of quality and content.,Negative
The course was lacking in interactivity and engagement.,Negative
I didn’t find the course valuable and didn’t learn anything useful.,Negative
"The content wasn’t explained well, and I struggled to understand the material.",Negative
"The course wasn’t structured well, and it didn’t help me learn effectively.",Negative
"I felt disconnected from the material, and it wasn’t engaging.",Negative
The course had too much filler content and not enough useful information.,Negative
The course didn’t live up to the description or my expectations.,Negative
The course felt like it was missing crucial details.,Negative
The course was too focused on theory and didn’t offer enough practical knowledge.,Negative
The course was too easy and didn’t challenge me at all.,Negative
"The material was hard to follow, and the explanations were unclear.",Negative
I didn’t find the course helpful for my personal or professional growth.,Negative
The course didn’t provide enough hands-on practice or examples.,Negative
I felt like I wasted my time on this course—it didn’t meet my needs.,Negative
The course was filled with irrelevant information that didn’t help.,Negative
I struggled to stay engaged with the course due to its dry content.,Negative
The course didn’t offer enough depth to make it worthwhile.,Negative
The course was confusing and lacked clarity in its explanations.,Negative
The course was poorly designed and hard to follow.,Negative
I didn’t get much out of the course and felt it was a waste of time.,Negative
The course didn’t offer enough practical knowledge to be useful.,Negative
I didn’t feel like the course improved my skills in any meaningful way.,Negative
The course didn’t live up to the description or my expectations.,Negative
"The course was too basic, and I didn’t feel challenged at all.",Negative
I didn’t feel like I learned anything valuable from the course.,Negative
The course didn’t meet my learning goals or needs.,Negative
I didn’t find the course interesting or engaging.,Negative
The course content was redundant and didn’t offer anything new.,Negative
I struggled to stay focused during the course due to its slow pace.,Negative
The course didn’t provide enough examples or real-world applications.,Negative
"The material was too easy, and I didn’t feel challenged by the course.",Negative
The course had technical issues that made it difficult to follow.,Negative
"I expected more from the course, but it didn’t meet my expectations.",Negative
The course was too simple and didn’t provide enough information.,Negative
The course was poorly paced and lacked sufficient depth.,Negative
I didn’t feel like the course offered any substantial value.,Negative
The course didn’t provide any real-world relevance or examples.,Negative
I found the course to be dry and unengaging.,Negative
The course didn’t cover the topics I needed to learn.,Negative
The course didn’t challenge me or provide enough material to learn.,Negative
"The course wasn’t well-organized, and it made learning difficult.",Negative
The course exceeded my expectations and was very engaging.,Positive
I learned a lot in a short time. Highly recommend it!,Positive
"Excellent content, clear explanations, and great pacing.",Positive
The course was well-structured and very informative.,Positive
I really enjoyed the interactive elements; they kept me engaged.,Positive
"Fantastic course with lots of useful, practical tips!",Positive
The instructor was very knowledgeable and made complex topics simple.,Positive
Great learning experience! The course kept me interested throughout.,Positive
"The content was comprehensive, and the examples were relevant.",Positive
This course was exactly what I was looking for—clear and concise.,Positive
Well-designed and easy to follow; I learned so much!,Positive
Highly informative and fun to take. I’m looking forward to more!,Positive
"This course was perfect for me, with just the right level of difficulty.",Positive
"Clear, well-organized, and full of useful insights.",Positive
Absolutely loved this course. It made learning so much easier.,Positive
One of the best online courses I've taken! Well worth the time.,Positive
"The instructor was engaging, and the material was top-notch.",Positive
Fantastic course! The learning experience was smooth and enjoyable.,Positive
This course helped me gain new skills I can use right away.,Positive
A great blend of theory and practice. Highly recommend it!,Positive
I appreciated how the course was broken down into manageable sections.,Positive
Excellent quality and very practical for real-world application.,Positive
"The course was informative, and I feel more confident now.",Positive
"The lessons were clear, easy to understand, and very helpful.",Positive
I gained so much knowledge from this course—thank you!,Positive
Great course with real-world applications. Highly recommend.,Positive
This course was fun and informative. I’ll be applying what I learned immediately.,Positive
Very well structured and easy to follow. One of the best courses I’ve taken.,Positive
I loved how practical and actionable the content was.,Positive
The course material was easy to understand and very well explained.,Positive
"Engaging, informative, and fun to learn. 5 stars!",Positive
"The course was full of useful tips, and the examples were spot-on.",Positive
Very well done! The course exceeded my expectations.,Positive
This course gave me a strong foundation in the topic. Worth every minute.,Positive
"Well-paced, engaging, and full of practical insights.",Positive
I loved the interactive exercises—they made learning fun and effective.,Positive
This course was exactly what I needed to take my skills to the next level.,Positive
Amazing content and clear instruction. I learned so much!,Positive
Fantastic course with tons of real-world value.,Positive
This was a well-rounded and insightful course that I highly recommend.,Positive
"Easy to follow, fun to take, and incredibly useful.",Positive
The course was well thought out and packed with valuable information.,Positive
I’m so glad I took this course! It was an excellent experience.,Positive
Perfect mix of theory and practical application.,Positive
I enjoyed the lessons and gained real skills I can apply immediately.,Positive
The course content was top-notch and very easy to understand.,Positive
One of the best courses I’ve taken. I’m excited to apply what I learned!,Positive
This course provided everything I was looking for and more.,Positive
Great pacing and excellent teaching style. I feel more confident now.,Positive
This course made learning enjoyable and gave me valuable skills.,Positive
I loved the detailed explanations and engaging content.,Positive
This course was a game-changer for me. Highly recommend it!,Positive
Excellent course! I learned so many useful tips and tricks.,Positive
A fantastic course that kept me engaged and excited to learn more.,Positive
Very informative and practical. I feel like I gained so much.,Positive
Loved the course! The material was relevant and well-organized.,Positive
This course was exactly what I needed to boost my skills.,Positive
I gained so much knowledge from this course. Highly recommend it!,Positive
"The course was fun, engaging, and packed with useful insights.",Positive
This was one of the most enjoyable learning experiences I’ve had.,Positive
"Clear, concise, and incredibly useful. I feel more knowledgeable now.",Positive
The instructor made everything easy to understand and fun to learn.,Positive
Amazing course! The content was easy to digest and very useful.,Positive
This course helped me develop new skills quickly and effectively.,Positive
I really enjoyed the course and learned so much in a short time.,Positive
The course exceeded my expectations—informative and practical.,Positive
"Great course! The content was engaging, and I learned a lot.",Positive
I can’t wait to take more courses from this instructor.,Positive
I found this course to be extremely helpful and well-organized.,Positive
"This course was very engaging, and I learned something new every lesson.",Positive
"The lessons were clear, and the course was easy to follow.",Positive
I gained valuable knowledge and skills that I can apply immediately.,Positive
"The course content was thorough, and the examples were very helpful.",Positive
"Well-organized, easy to follow, and full of helpful insights.",Positive
A fantastic learning experience. I’m ready to put my new skills to use!,Positive
I thoroughly enjoyed this course and learned a lot.,Positive
This was a very informative course with excellent teaching methods.,Positive
Great course! I now feel more confident in applying the knowledge.,Positive
I appreciated how the course offered practical advice that I could use right away.,Positive
The course was excellent—relevant content and easy to follow.,Positive
"I learned so much in this course, and it was a fun experience.",Positive
"This course was engaging, informative, and offered great value.",Positive
"The course was well-structured, and I loved the pace.",Positive
"Excellent course! Very clear, well-organized, and full of useful info.",Positive
Loved the course! The lessons were engaging and insightful.,Positive
"The course content was well-organized, and the material was easy to follow.",Positive
I enjoyed every part of the course and felt motivated to learn more.,Positive
A fantastic course with lots of valuable takeaways.,Positive
This course helped me expand my knowledge and gave me practical skills.,Positive
"Excellent content with clear, engaging lessons.",Positive
"This course was well-structured, informative, and easy to understand.",Positive
"The course material was clear, concise, and very helpful.",Positive
Great course! I feel more confident and ready to apply what I learned.,Positive
Loved the instructor's teaching style—engaging and informative.,Positive
This course was exactly what I needed to grow my skills.,Positive
The course provided practical and valuable insights that I can apply immediately.,Positive
Very well done. The course was easy to follow and very informative.,Positive
I enjoyed the lessons and feel more knowledgeable now.,Positive
Fantastic course! I learned a lot and enjoyed every moment.,Positive
This course was engaging and packed with useful information.,Positive
I loved the practical examples and hands-on exercises in the course.,Positive
Great course! It was easy to follow and full of useful tips.,Positive
I’m so happy I took this course. The lessons were clear and helpful.,Positive
Excellent course! I now feel confident in the topic.,Positive
This course was incredibly well-structured and easy to understand.,Positive
The course was a perfect mix of theory and practice.,Positive
Very well organized! The lessons were clear and easy to follow.,Positive
I thoroughly enjoyed this course. I learned practical skills I can use now.,Positive
"The content was relevant, and the lessons were fun to take.",Positive
"I loved the way the course was structured—clear, concise, and effective.",Positive
This was a wonderful learning experience. Highly recommend it!,Positive
"The course was easy to follow, and the content was very helpful.",Positive
A fantastic course. I feel more knowledgeable and ready to apply what I learned.,Positive
I really enjoyed this course and would definitely recommend it to others.,Positive
Excellent course! It provided clear explanations and helpful tips.,Positive
I loved the content and the way the lessons were presented.,Positive
Great course! I feel more confident in the subject now.,Positive
This course provided excellent material and was well-paced.,Positive
I loved how engaging and informative this course was.,Positive
This was an excellent course that taught me valuable skills.,Positive
The course was very informative and well-paced. Highly recommend!,Positive
I learned so much and enjoyed every moment of the course.,Positive
"The course was very helpful, and I feel more prepared now.",Positive
"Fantastic course! The content was clear, relevant, and engaging.",Positive
I thoroughly enjoyed this course and learned a lot.,Positive
Great course! I now have practical skills I can use.,Positive
Very informative and engaging! I highly recommend this course.,Positive
"This course was amazing—well-organized, easy to understand, and full of value.",Positive
I loved how the course mixed theory and practice. Very engaging!,Positive
"This was a great course! The lessons were clear, and I gained practical skills.",Positive
The course was well-paced and provided a lot of valuable information.,Positive
I’m so happy I took this course! It was informative and enjoyable.,Positive
"The course was clear, informative, and gave me actionable skills.",Positive
Loved the course! It was well-structured and easy to follow.,Positive
"Great course that was engaging, informative, and easy to follow.",Positive
The course exceeded my expectations! Very well done.,Positive
I loved the content and how well it was explained.,Positive
"Fantastic course! The content was easy to follow, and I learned so much.",Positive
This course was excellent! Very practical and useful.,Positive
I’m impressed with how well-organized and clear the course was.,Positive
The course was engaging and offered a lot of practical knowledge.,Positive
Highly recommend this course! Very informative and fun to take.,Positive
This was an amazing course that exceeded all my expectations.,Positive
Great course! Very engaging and full of useful information.,Positive
I learned so much from this course. Highly recommend it!,Positive
"The course was clear and easy to understand, with great examples.",Positive
This course was a great investment in my learning.,Positive
A fantastic course that was both informative and enjoyable.,Positive
Loved this course! It was engaging and full of useful information.,Positive
"The course content was thorough, and the instructor made it easy to understand.",Positive
Excellent course! I feel more confident in the subject now.,Positive
Great course! I loved the engaging teaching style and practical content.,Positive
This was a very helpful course with practical and useful content.,Positive
I really enjoyed the course and learned so much.,Positive
"The course was engaging, and the lessons were full of value.",Positive
I loved how the course was structured—it kept me engaged and motivated.,Positive
This course was incredibly helpful and gave me the skills I needed.,Positive
"Excellent course with clear, helpful content.",Positive
"I learned a lot from this course, and it was a pleasure to take.",Positive
A wonderful course! The content was well-organized and very practical.,Positive
Very engaging and easy to follow. I highly recommend this course.,Positive
This course was excellent! The content was clear and very helpful.,Positive
I loved the course! The lessons were well-paced and packed with useful tips.,Positive
"The course was informative, engaging, and very easy to follow.",Positive
This was one of the best courses I’ve taken. Highly recommend!,Positive
The course was well-structured and packed with valuable knowledge.,Positive
"I enjoyed this course! It was clear, concise, and full of great examples.",Positive
A fantastic learning experience! I feel more confident now.,Positive
Great course with well-explained content and practical examples.,Positive
The course was engaging and very informative. Highly recommend!,Positive
This course helped me learn practical skills that I can use right away.,Positive
Excellent course with great content and helpful insights.,Positive
I thoroughly enjoyed this course and gained valuable knowledge.,Positive
"Loved the course! It was clear, informative, and fun to take.",Positive
This course was excellent! I feel much more confident now.,Positive
Great course! Full of relevant examples and easy to follow.,Positive
Fantastic course! I learned practical skills I can use every day.,Positive
Very well done! The course content was clear and easy to understand.,Positive
"This was a highly informative course, and I feel much more prepared.",Positive
"I loved the course! The material was clear, engaging, and very useful.",Positive
The course was fantastic. I learned so much in just a few lessons.,Positive
Excellent course! Very engaging and packed with helpful tips.,Positive
"The course was incredibly well done. Clear, informative, and practical.",Positive
I loved how engaging and informative this course was!,Positive
"Great course with useful content and a clear, engaging teaching style.",Positive
This course exceeded my expectations. Highly recommend it!,Positive
I learned so much from this course. It was well-organized and clear.,Positive
I thoroughly enjoyed this course. It was practical and fun to take!,Positive
Great course! I feel more confident and ready to apply what I’ve learned.,Positive
"Fantastic course—informative, practical, and easy to follow.",Positive
I loved this course! It was well-structured and packed with useful info.,Positive
This was a fantastic learning experience! Highly recommend this course.,Positive
"I enjoyed this course very much. It was clear, engaging, and helpful.",Positive
This course was excellent! The material was practical and easy to apply.,Positive
A fantastic course that made learning both easy and enjoyable.,Positive
I loved the practical examples and clear explanations throughout the course.,Positive
Great course! I feel more knowledgeable and excited to apply what I learned.,Positive
This course was exactly what I needed. I’m already putting it into practice!,Positive
"The course was very informative, and I learned a lot.",Positive
"Excellent course! It was well-structured, informative, and easy to follow.",Positive
"The course provided valuable information, though the pacing could be faster.",Neutral
"Content was useful, but some sections felt repetitive.",Neutral
"The course gave a solid introduction, but I expected more advanced material.",Neutral
"The lessons were clear, but could have used more examples.",Neutral
"Good overview of the topic, but a bit light on details.",Neutral
"The content was solid, but the delivery method could be improved.",Neutral
"A decent learning experience, but I felt the quizzes were too easy.",Neutral
"The course was helpful, though some of the material could be updated.",Neutral
"Clear structure, but the course didn’t offer much interaction.",Neutral
"It was informative, but the pace was a bit slow for my liking.",Neutral
"A good course for beginners, but lacked depth for advanced learners.",Neutral
The course was straightforward but didn’t provide much challenge.,Neutral
"Some interesting points, but I would have preferred more practical examples.",Neutral
"The course is decent, but some areas felt rushed.",Neutral
"The content was helpful, though it didn't go into as much detail as I had hoped.",Neutral
The course was okay but didn’t provide the level of depth I was expecting.,Neutral
"The material was clear and well-organized, but it could have been more engaging.",Neutral
"A helpful introduction, but didn’t explore the subject in enough depth.",Neutral
"The course was fine for getting the basics, but not enough advanced content.",Neutral
"Overall, the course was fine, though it didn’t offer anything groundbreaking.",Neutral
"Solid information, but it could have been more interactive.",Neutral
"The course covered the fundamentals well, but could have offered more hands-on practice.",Neutral
"A decent course, though it was more theoretical than I anticipated.",Neutral
"The course is structured well, but the material could be a bit more engaging.",Neutral
"A good starting point, but some of the examples felt outdated.",Neutral
"The lessons were clear and concise, but I wanted more variety in the content.",Neutral
"The course provided a good foundation, but I was hoping for more in-depth exploration.",Neutral
"The content was useful, but the pace was slower than I expected.",Neutral
"The course was informative, but the delivery style didn’t keep me engaged.",Neutral
"It was a decent course, but I didn’t feel challenged.",Neutral
"The course provided good coverage of the topic, but could use more real-world applications.",Neutral
"The information was clear, but I feel like I could have learned it elsewhere faster.",Neutral
"Good course, though some parts of the material felt too basic.",Neutral
"It was a helpful introduction, but I wanted more advanced examples.",Neutral
"The course was good for beginners, but didn’t offer much for more advanced learners.",Neutral
"A decent overview of the topic, but could have been more interactive.",Neutral
"The course provided useful content, though I would have liked more practical exercises.",Neutral
"The course was easy to follow, but the lack of interactivity made it feel less engaging.",Neutral
"It was a decent course, but I expected a deeper dive into the material.",Neutral
"The content was good, but the course lacked hands-on practice.",Neutral
"The course was straightforward, but I found it a bit too basic.",Neutral
"The course covered the topic, but didn’t provide much new insight.",Neutral
"It was an informative course, but some sections were too brief.",Neutral
"A solid course for beginners, though I would have liked more advanced content.",Neutral
"The course was helpful, but I found it lacked interactivity.",Neutral
"The material was clear, but the pacing was a bit too slow for me.",Neutral
"The course was okay, but I think the quizzes could have been more challenging.",Neutral
The course offered useful information but felt a bit repetitive.,Neutral
"The content was good, but the course was a little too long.",Neutral
"The course was informative, though some parts felt unnecessary.",Neutral
"The course was okay, but I expected more detailed explanations.",Neutral
"It provided useful info, but the course could have been more engaging.",Neutral
"A decent overview, though it felt a little too basic at times.",Neutral
"The material was clear, but I wanted more practical applications.",Neutral
"I learned a lot, but I think the course could be more interactive.",Neutral
"Good course, but I feel like the examples could have been more relevant.",Neutral
"The course had good material, but the lessons were a bit repetitive.",Neutral
"It covered the basics well, but didn’t offer much in terms of advanced material.",Neutral
"The course provided some useful insights, but I found it a bit dry.",Neutral
"The content was helpful, but I feel like it was just an overview.",Neutral
"The course was okay, but it didn’t meet my expectations for depth.",Neutral
"It was a solid course, but it could have been more engaging.",Neutral
"The course provided decent content, but lacked hands-on exercises.",Neutral
"It was an interesting course, but could have used more variety in the materials.",Neutral
"The course was informative, but I would have liked to see more examples.",Neutral
"A good introduction to the topic, but could have provided more real-world applications.",Neutral
"The course was okay, but I didn’t feel fully challenged.",Neutral
The course had clear content but could use more diverse resources.,Neutral
"The material was easy to understand, but I wanted more detailed explanations.",Neutral
"The course was decent, but I think it could have been more interactive.",Neutral
"Good structure, but it could have used more hands-on practice.",Neutral
"The course was okay, but I expected more advanced content.",Neutral
"The course met expectations, but it felt a bit basic at times.",Neutral
"The course provided good information, but could have used more engaging examples.",Neutral
"The content was clear, but I wanted more real-world examples.",Neutral
"The course was good for beginners, but I would have liked more advanced material.",Neutral
The course had solid content but could have been more interactive.,Neutral
"It was a decent course, but the pacing could have been a bit faster.",Neutral
"The course covered the basics, but didn’t provide much new insight.",Neutral
"The course was informative, but I feel like I could have learned more in less time.",Neutral
"The material was easy to follow, but I wanted more in-depth analysis.",Neutral
"The course provided a lot of info, but could have been more engaging.",Neutral
"Good course for learning the basics, but not much for advanced students.",Neutral
"The course was okay, but could have benefited from more detailed examples.",Neutral
"The content was informative, but I felt it could have been more practical.",Neutral
"The course provided useful insights, but I wanted more in-depth case studies.",Neutral
"The lessons were clear, but the course could have used more interactive elements.",Neutral
"The course met my expectations, but I feel it was a bit too basic.",Neutral
"A good starting point for beginners, but didn’t provide much for more experienced learners.",Neutral
"The course was helpful, but I think it could have used more practical assignments.",Neutral
"The course covered the essentials, but I wanted more detailed coverage.",Neutral
"The course was easy to follow, but it didn’t go into enough detail.",Neutral
"Good content overall, but could have been more engaging.",Neutral
"The course gave a solid overview, but didn’t challenge me much.",Neutral
"The course was fine, but I expected more detailed explanations.",Neutral
"The content was useful, but it could have been more engaging.",Neutral
"The course was informative, but I found the pace a little slow.",Neutral
"Good course with clear instructions, but it could have been more interactive.",Neutral
"The course was solid, but it felt like there were missed opportunities for deeper exploration.",Neutral
"The content was okay, but I felt it could have been more relevant to real-world scenarios.",Neutral
"I learned some useful things, but I think the course could have been more engaging.",Neutral
"The course was a good overview, but could have provided more case studies.",Neutral
"The course was good for beginners, but didn’t offer much for more advanced learners.",Neutral
"The material was clear, but the course didn’t offer enough practical exercises.",Neutral
"It was a solid course, but I think the content could be more engaging.",Neutral
"The course gave me a decent understanding, but I wanted more detailed explanations.",Neutral
"The course was informative, but I felt it could have been more interactive.",Neutral
"Good course with useful material, but I wanted more real-world applications.",Neutral
"The course was helpful, but the structure could be more engaging.",Neutral
"The course provided good coverage of the topic, but could have used more practical examples.",Neutral
"I learned some new things, but I think the course could have been more engaging.",Neutral
"The course covered the basics well, but it didn’t go into enough depth.",Neutral
"The content was clear and concise, but it could have been more detailed.",Neutral
"The course was decent, but I felt it was a little too basic.",Neutral
"The course was okay, but it didn’t meet my expectations for depth.",Neutral
"The course was straightforward, but the material could have been more engaging.",Neutral
"The course was fine, but I wanted more practical applications.",Neutral
"The course gave a decent overview, but I wanted more in-depth analysis.",Neutral
"The material was clear, but it could have been more engaging.",Neutral
"The course met my expectations, but I feel it was a bit too simple.",Neutral
"The course was informative, but I wanted more advanced material.",Neutral
"A good course for beginners, but didn’t offer much for more advanced learners.",Neutral
"It was a decent course, but I think it could have been more interactive.",Neutral
"The course was helpful, but I found the pace a little too slow.",Neutral
"The course provided useful material, but the lack of real-world examples made it less engaging.",Neutral
"The course was decent, but I think it could have been more practical.",Neutral
"The course was clear, but I think it lacked depth in some areas.",Neutral
"The course was good, but I think it could have used more variety in examples.",Neutral
"The material was clear and helpful, but I would have liked more detailed explanations.",Neutral
"The course was okay, but I think it could have been more engaging.",Neutral
"It was a good course overall, but could have used more interactive elements.",Neutral
"Good information, but the course lacked sufficient hands-on experience.",Neutral
"The course was solid, but the material could have been presented more engagingly.",Neutral
"It was a good course, but I wanted more case studies and examples.",Neutral
"The course was decent, but didn’t offer much practical experience.",Neutral
"The course provided good information, but it could have gone into more detail.",Neutral
"Good course for beginners, but not much for those already familiar with the basics.",Neutral
"The course was fine, but I would have liked more challenging material.",Neutral
"The course was decent, but it could have been more interactive.",Neutral
"The course provided useful content, but I didn’t feel fully engaged.",Neutral
"The material was clear, but the course felt a bit basic.",Neutral
The course was solid but lacked deeper exploration of some topics.,Neutral
The course provided useful insights but could have been more engaging.,Neutral
"The material was clear, but I would have liked more practical examples.",Neutral
"Good course, but didn’t provide much depth in the more complex areas.",Neutral
"The course was informative, but I wanted more variety in the content.",Neutral
"The course was decent, but I think it could have been more engaging.",Neutral
"The content was helpful, but I feel like I could have learned more in less time.",Neutral
"The course gave a solid overview, but didn’t provide much advanced material.",Neutral
"It was a good course, but could have been more interactive.",Neutral
"The course was okay, but it didn’t go into enough detail.",Neutral
"The material was helpful, but I would have liked more real-world examples.",Neutral
"The course was fine, but I think it could have been more hands-on.",Neutral
"The course was okay, but I think the content could be more engaging.",Neutral
"The course was solid, but the material was a bit too basic.",Neutral
"The course was fine, but I wanted more practical applications.",Neutral
"The course was good, but I think it could have been more engaging.",Neutral
"The course was okay, but it felt too basic for someone with prior knowledge.",Neutral
"The course provided helpful material, but it could have been more interactive.",Neutral
"The course was fine, but I would have liked more examples and case studies.",Neutral
"The material was clear, but I wanted more real-world applications.",Neutral
"It was a decent course, but I think it could have gone into more detail.",Neutral
"The course was good for beginners, but not much for advanced students.",Neutral
"The course was fine, but I feel like it could have been more practical.",Neutral
"The course was solid, but I think it could have been more engaging.",Neutral
"The course was informative, but I wanted more detailed explanations.",Neutral
"Good content, but the course didn’t provide enough hands-on experience.",Neutral
"The course was okay, but I felt it could have been more interactive.",Neutral
"The course provided useful material, but I wanted more advanced topics.",Neutral
"It was a good course, but I think it could have been more practical.",Neutral
"The course was decent, but I wanted more real-world applications.",Neutral
"The course was fine, but I think it could have been more engaging.",Neutral
"The course was informative, but I feel like it didn’t go into enough detail.",Neutral
"The course was decent, but I would have liked more challenging content.",Neutral
"The course provided solid material, but I wanted more examples.",Neutral
"The course was good, but I think it could have been more hands-on.",Neutral
"The course was fine, but I felt it was a bit too basic.",Neutral
"The course was okay, but I think it could have been more detailed.",Neutral
"The course was solid, but it could have been more interactive.",Neutral
"The course was fine, but I would have liked more examples.",Neutral
"The course was decent, but I felt like it was too theoretical.",Neutral
"The course was good, but I think it could have been more practical.",Neutral
"The course was fine, but I would have liked more challenging material.",Neutral
"The course was solid, but it could have gone into more depth.",Neutral
"The course was helpful, but I think it lacked interactivity.",Neutral
"The course was good, but I would have liked more hands-on exercises.",Neutral
"The course was fine, but it didn’t go into enough detail.",Neutral
"The course was solid, but I think the content could have been more engaging.",Neutral
"The course was good for beginners, but I wanted more advanced material.",Neutral
"The course was fine, but I feel like it could have been more practical.",Neutral
"The course was decent, but I think it could have been more interactive.",Neutral
"The course was okay, but I wanted more examples and case studies.",Neutral
"The course was fine, but it didn’t go into enough detail.",Neutral
"The course was decent, but I think it could have been more engaging.",Neutral
"The course was good, but I think it lacked practical examples.",Neutral
"The course was informative, but I wanted more real-world applications.",Neutral
"The course was okay, but it didn’t provide enough depth.",Neutral
"The course was fine, but I think the material could have been more engaging.",Neutral
"The course was solid, but I wanted more case studies and examples.",Neutral
"The course was helpful, but I wanted more practical exercises.",Neutral
"The course was fine, but I didn’t feel it offered anything beyond what I already knew.",Neutral
"It was an average learning experience, neither too good nor too bad.",Neutral
"The course had a clear structure, but it didn’t leave a strong impression on me.",Neutral
This course exceeded my expectations and provided a lot of valuable insights.,Positive
"I learned so much in a short time, and the course content was very engaging.",Positive
The instructor was fantastic and explained everything in a way that was easy to understand.,Positive
This course was exactly what I needed. The practical examples were especially helpful.,Positive
I enjoyed every moment of the course. It was interactive and well-structured.,Positive
A fantastic course that provided me with the tools I needed to improve my skills.,Positive
"The course was extremely informative, and the instructor made it enjoyable to learn.",Positive
Great course with lots of hands-on activities that helped reinforce my learning.,Positive
"I found the course very enriching, and it helped me grow professionally.",Positive
The course was both thorough and engaging. Highly recommend it for anyone interested in the topic.,Positive
I didn’t find the course very useful. The material was too basic for my needs.,Negative
"The course didn’t meet my expectations, and I had trouble staying engaged with the content.",Negative
"I expected more depth, but the course only scratched the surface of the topic.",Negative
"The explanations were unclear, and I had difficulty following along with the lessons.",Negative
"The course was full of technical issues, making it frustrating to complete.",Negative
"I was hoping for more real-world examples, but the course lacked practical applications.",Negative
"The material felt outdated, and I didn’t feel it was applicable to current trends.",Negative
"The course didn’t offer much value, and I didn’t feel it was worth the time or money.",Negative
I struggled to stay focused on the course since it was too theoretical and not engaging.,Negative
I didn’t feel the course covered enough relevant material or provided enough detail.,Negative
